{"schemaVersion":"1.0","appDefinitionTemplate":{"id":"/providers/Microsoft.PowerApps/apps/","type":"Microsoft.PowerApps/apps","tags":{"primaryDeviceWidth":"640","primaryDeviceHeight":"1136","sienaVersion":"20200912T083339Z-3.20085.19.0","deviceCapabilities":"","supportsPortrait":"true","supportsLandscape":"false","primaryFormFactor":"Phone","publisherVersion":"3.20085.19","minimumRequiredApiVersion":"2.2.0","hasComponent":"false","hasUnlockedComponent":"false","isUnifiedRootApp":"false"},"properties":{"appVersion":"2020-09-12T08:33:39Z","lifeCycleId":"Published","createdByClientVersion":{"major":3,"minor":20085,"build":19,"revision":0,"majorRevision":0,"minorRevision":0},"minClientVersion":{"major":3,"minor":20085,"build":19,"revision":0,"majorRevision":0,"minorRevision":0},"backgroundColor":"rgba(0, 176, 240, 1)","backgroundImageUri":"/7865878276024295224/Naf11ae47-79c0-496c-a18e-1983cac8f1bd-logoSmallFile","displayName":"Free Snag Sighting","description":"","commitMessage":"","appUris":{"documentUri":{"value":"/7865878276024295224/Na6710d02-dc0b-4d06-a8a4-1f6420e843d0-document.msapp","readonlyValue":"/7865878276024295224/Na6710d02-dc0b-4d06-a8a4-1f6420e843d0-document.msapp"},"imageUris":[]},"createdTime":"0001-01-01T00:00:00Z","lastModifiedTime":"0001-01-01T00:00:00Z","sharedGroupsCount":0,"sharedUsersCount":0,"icons":{"smallIconUri":"/7865878276024295224/N7f3bf928-e348-4e7b-bcf7-71da0b4a81da-small.png","mediumIconUri":"/7865878276024295224/Na8355c90-6c1d-49d1-8c68-3893f491b061-medium.png","largeIconUri":"/7865878276024295224/N0e64a2ba-79d2-4771-9619-4b496f9ef207-large.png","wideIconUri":"/7865878276024295224/Ncb4036bd-2cea-4451-b679-43f7353a7858-wide.png"},"connectionReferences":{"f6d943dc-364b-4fe8-a37d-d1bb5b5162f5":{"id":"30eedcc5-eb3b-4301-b681-1baefa4320a3","displayName":"Bing Maps","iconUri":"https://connectoricons-prod.azureedge.net/releases/v1.0.1371/1.0.1371.2074/bingmaps/icon.png","dataSources":["BingMaps"],"dependencies":[],"dependents":[],"parameterHints":{},"isOnPremiseConnection":false,"sharedConnectionId":"e7b38453-40c0-4107-ad22-a5f87102cd44","dataSets":{},"apiTier":"Standard","isCustomApiConnection":false}},"databaseReferences":{},"almMode":"Environment","performanceOptimizationEnabled":true,"canConsumeAppPass":true},"isAppComponentLibrary":false,"appType":"ClassicCanvasApp","appComponents":[]}}